"Year","NUTS2","NUTS0","GDP_MIO_EUR","TotPopNr","Area"
2010,"AT11","AT",7430.66341246949,283697,4449.33614271091
2010,"AT13","AT",86676.2813401376,1689995,265.219998763031
2010,"AT32","AT",24258.9305524739,526730,7480.32361633571
2010,"AT34","AT",14914.5773241624,368366,2634.2200822706
2010,"AT21","AT",18395.8287108942,557998,9393.46904950528
2010,"AT33","AT",28390.2817838917,704662,12339.7244448897
2010,"AT31","AT",55016.6407810073,1409253,11899.5970177095
2010,"AT12","AT",51349.0126469936,1605897,20165.2826799002
2010,"AT22","AT",41686.265808742,1205045,16754.3722764479
2011,"AT34","AT",15256.5613283342,369300,2634.2200822706
2011,"AT12","AT",51966.7916443492,1609474,20165.2826799002
2011,"AT33","AT",28867.7021960364,707517,12339.7244448897
2011,"AT32","AT",24581.6818425281,527886,7480.32361633571
2011,"AT22","AT",42278.5216925549,1206611,16754.3722764479
2011,"AT11","AT",7512.58703802892,284581,4449.33614271091
2011,"AT31","AT",56319.2287091591,1410222,11899.5970177095
2011,"AT13","AT",86500.2678093198,1702855,265.219998763031
2011,"AT21","AT",18798.0717728977,556718,9393.46904950528
2012,"AT34","AT",15231.3315926893,370926,2634.2200822706
2012,"AT22","AT",42773.8903394256,1208696,16754.3722764479
2012,"AT31","AT",56374.9347258486,1413866,11899.5970177095
2012,"AT32","AT",24947.2584856397,529704,7480.32361633571
2012,"AT11","AT",7691.90600522193,285782,4449.33614271091
2012,"AT33","AT",29442.2976501305,711581,12339.7244448897
2012,"AT21","AT",18560.8355091384,556027,9393.46904950528
2012,"AT12","AT",52013.5770234987,1614455,20165.2826799002
2012,"AT13","AT",85620.8877284595,1717084,265.219998763031
2013,"AT34","AT",15461.7980975759,372603,2634.2200822706
2013,"AT33","AT",29600.0818246906,715888,12339.7244448897
2013,"AT31","AT",56689.1684565818,1418498,11899.5970177095
2013,"AT32","AT",24512.6316866114,531898,7480.32361633571
2013,"AT22","AT",42246.0877569807,1210971,16754.3722764479
2013,"AT13","AT",85013.8079165388,1741246,265.219998763031
2013,"AT21","AT",18316.456990897,555473,9393.46904950528
2013,"AT12","AT",51621.1516825202,1618592,20165.2826799002
2013,"AT11","AT",7710.95428045413,286691,4449.33614271091
2014,"AT32","AT",24701.6129032258,534270,7480.32361633571
2014,"AT33","AT",30120.9677419355,722038,12339.7244448897
2014,"AT31","AT",57609.8790322581,1425422,11899.5970177095
2014,"AT12","AT",52414.314516129,1625485,20165.2826799002
2014,"AT34","AT",15978.8306451613,375282,2634.2200822706
2014,"AT13","AT",85444.5564516129,1766746,265.219998763031
2014,"AT21","AT",18556.4516129032,555881,9393.46904950528
2014,"AT22","AT",43019.1532258065,1215246,16754.3722764479
2014,"AT11","AT",7778.22580645161,287416,4449.33614271091
2015,"AT31","AT",58667,1437251,11899.5970177095
2015,"AT32","AT",25700,538575,7480.32361633571
2015,"AT21","AT",18775,557641,9393.46904950528
2015,"AT34","AT",17077,378592,2634.2200822706
2015,"AT22","AT",43463,1221570,16754.3722764479
2015,"AT13","AT",87539,1797337,265.219998763031
2015,"AT12","AT",53739,1636778,20165.2826799002
2015,"AT33","AT",31375,728826,12339.7244448897
2015,"AT11","AT",8023,288356,4449.33614271091
2016,"AT22","AT",43857.5814598396,1232012,16754.3722764479
2016,"AT33","AT",32166.9802911756,739139,12339.7244448897
2016,"AT21","AT",19076.9535505596,560482,9393.46904950528
2016,"AT12","AT",54433.9902941468,1653691,20165.2826799002
2016,"AT31","AT",59380.0138655046,1453948,11899.5970177095
2016,"AT11","AT",8082.59879172031,291011,4449.33614271091
2016,"AT13","AT",89244.3299990096,1840226,265.219998763031
2016,"AT32","AT",26426.6613845697,545815,7480.32361633571
2016,"AT34","AT",17104.0903238586,384147,2634.2200822706
2010,"BE10","BE",73505.2665870344,1089538,23.5631662029285
2010,"BE22","BE",24668.2593115431,838505,2398.54574054024
2010,"BE31","BE",16479.530893691,379515,1071.16601164454
2010,"BE33","BE",28375.5022260832,1067685,4073.28086749265
2010,"BE35","BE",12348.7892279292,472281,3499.82631944852
2010,"BE32","BE",30944.7279834944,1309880,4259.63443829402
2010,"BE34","BE",6499.07698990118,269023,4451.87722015644
2010,"BE21","BE",74669.3452057769,1744862,2928.49909769532
2010,"BE23","BE",47240.742751656,1432326,2959.06356098751
2010,"BE25","BE",39992.3987403627,1159366,3026.01089924663
2010,"BE24","BE",41471.3866869367,1076924,2188.87480163989
2011,"BE35","BE",12237.8650977096,479386,3499.82631944852
2011,"BE31","BE",14996.8480773272,383648,1071.16601164454
2011,"BE33","BE",28956.7135952931,1082136,4073.28086749265
2011,"BE10","BE",74359.1090565245,1136778,23.5631662029285
2011,"BE34","BE",6528.68249632276,273205,4451.87722015644
2011,"BE22","BE",25214.3307417525,846851,2398.54574054024
2011,"BE21","BE",75168.1025425509,1773267,2928.49909769532
2011,"BE32","BE",31416.2639209918,1319745,4259.63443829402
2011,"BE25","BE",40134.4820340408,1168002,3026.01089924663
2011,"BE24","BE",41422.5677663375,1088692,2188.87480163989
2011,"BE23","BE",47602.437486867,1448928,2959.06356098751
2012,"BE35","BE",12140.6633906634,483408,3499.82631944852
2012,"BE33","BE",28578.0098280098,1090043,4073.28086749265
2012,"BE34","BE",6377.96887796888,276154,4451.87722015644
2012,"BE25","BE",40136.1588861589,1173818,3026.01089924663
2012,"BE31","BE",14810.6060606061,386836,1071.16601164454
2012,"BE24","BE",42221.5397215397,1097210,2188.87480163989
2012,"BE32","BE",30947.9934479934,1326386,4259.63443829402
2012,"BE21","BE",75228.2964782965,1791024,2928.49909769532
2012,"BE10","BE",73574.9385749386,1159448,23.5631662029285
2012,"BE22","BE",25047.0925470925,852056,2398.54574054024
2012,"BE23","BE",47368.9598689599,1458467,2959.06356098751
2013,"BE35","BE",12060.6673407482,486069,3499.82631944852
2013,"BE34","BE",6336.70374115268,278278,4451.87722015644
2013,"BE33","BE",28385.2376137513,1095977,4073.28086749265
2013,"BE24","BE",42621.8402426694,1103737,2188.87480163989
2013,"BE32","BE",30761.3751263903,1332489,4259.63443829402
2013,"BE25","BE",40421.6380182002,1177567,3026.01089924663
2013,"BE23","BE",47612.7401415571,1465150,2959.06356098751
2013,"BE31","BE",15016.1779575329,389479,1071.16601164454
2013,"BE22","BE",24940.3437815976,855963,2398.54574054024
2013,"BE21","BE",75270.9807886754,1802309,2928.49909769532
2013,"BE10","BE",73003.0333670374,1174624,23.5631662029285
2014,"BE32","BE",31084.7252968404,1334423,4259.63443829402
2014,"BE33","BE",28557.0537331455,1095661,4073.28086749265
2014,"BE35","BE",12243.9122559871,486230,3499.82631944852
2014,"BE34","BE",6385.59066210505,278219,4451.87722015644
2014,"BE23","BE",48464.4797746025,1471126,2959.06356098751
2014,"BE31","BE",15692.2922117126,391609,1071.16601164454
2014,"BE24","BE",43087.140269672,1108408,2188.87480163989
2014,"BE25","BE",41641.175286778,1177935,3026.01089924663
2014,"BE21","BE",76993.3588247132,1806634,2928.49909769532
2014,"BE22","BE",25759.7102032602,857844,2398.54574054024
2014,"BE10","BE",72606.1581807205,1172751,23.5631662029285
2015,"BE32","BE",31411,1337780,4259.63443829402
2015,"BE31","BE",16025,394344,1071.16601164454
2015,"BE25","BE",42018,1180957,3026.01089924663
2015,"BE23","BE",50124,1479049,2959.06356098751
2015,"BE34","BE",6504,280261,4451.87722015644
2015,"BE33","BE",28824,1098903,4073.28086749265
2015,"BE21","BE",78951,1817033,2928.49909769532
2015,"BE35","BE",12297,488876,3499.82631944852
2015,"BE22","BE",25890,861380,2398.54574054024
2015,"BE24","BE",44110,1114590,2188.87480163989
2015,"BE10","BE",74022,1184101,23.5631662029285
2016,"BE31","BE",16522.5508499558,397745,1071.16601164454
2016,"BE25","BE",42779.7975827847,1184418,3026.01089924663
2016,"BE32","BE",31742.1637024663,1341267,4259.63443829402
2016,"BE34","BE",6583.47253611084,283257,4451.87722015644
2016,"BE21","BE",79572.5655890734,1828927,2928.49909769532
2016,"BE23","BE",51119.1903311388,1489084,2959.06356098751
2016,"BE10","BE",74573.056892994,1201285,23.5631662029285
2016,"BE22","BE",26243.490223052,866970,2398.54574054024
2016,"BE24","BE",44710.6219907635,1122600,2188.87480163989
2016,"BE33","BE",29166.7485506534,1103490,4073.28086749265
2016,"BE35","BE",12496.8065245161,492074,3499.82631944852
2010,"CZ01","CZ",43483.8012958963,1227932,235.633988113052
2010,"CZ03","CZ",17142.5485961123,1205834,17250.8520221712
2010,"CZ07","CZ",15762.4190064795,1229931,8978.81385405196
2010,"CZ02","CZ",17958.9632829374,1247330,11455.3709351107
2010,"CZ04","CZ",14232.181425486,1133425,8397.73887353264
2010,"CZ08","CZ",16604.7516198704,1239176,5555.11515130523
2010,"CZ06","CZ",24053.9956803456,1671993,14554.9965412936
2010,"CZ05","CZ",20004.3196544276,1506467,13021.827695669
2011,"CZ05","CZ",20559.1966173362,1508735,13021.827695669
2011,"CZ02","CZ",18959.8308668076,1264986,11455.3709351107
2011,"CZ08","CZ",17452.4312896406,1234705,5555.11515130523
2011,"CZ07","CZ",16381.6067653277,1229117,8978.81385405196
2011,"CZ03","CZ",17469.3446088795,1207027,17250.8520221712
2011,"CZ01","CZ",43149.0486257928,1234037,235.633988113052
2011,"CZ06","CZ",25093.023255814,1675872,14554.9965412936
2011,"CZ04","CZ",14340.3805496829,1132252,8397.73887353264
2012,"CZ05","CZ",19244.8979591837,1508867,13021.827695669
2012,"CZ07","CZ",15531.6326530612,1227668,8978.81385405196
2012,"CZ03","CZ",16509.1836734694,1207847,17250.8520221712
2012,"CZ01","CZ",40753.0612244898,1241664,235.633988113052
2012,"CZ06","CZ",24347.9591836735,1678250,14554.9965412936
2012,"CZ02","CZ",18238.7755102041,1279345,11455.3709351107
2012,"CZ08","CZ",16584.693877551,1230613,5555.11515130523
2012,"CZ04","CZ",13518.3673469388,1131191,8397.73887353264
2013,"CZ05","CZ",18582.0745216516,1507980,13021.827695669
2013,"CZ07","CZ",14953.6757301108,1225302,8978.81385405196
2013,"CZ03","CZ",16286.0020140987,1209298,17250.8520221712
2013,"CZ01","CZ",39201.4098690836,1246780,235.633988113052
2013,"CZ08","CZ",15398.7915407855,1226602,5555.11515130523
2013,"CZ06","CZ",24038.2678751259,1679857,14554.9965412936
2013,"CZ02","CZ",17533.7361530715,1291816,11455.3709351107
2013,"CZ04","CZ",12860.0201409869,1128490,8397.73887353264
2014,"CZ05","CZ",18546.0921843687,1506503,13021.827695669
2014,"CZ01","CZ",37979.9599198397,1243201,235.633988113052
2014,"CZ07","CZ",15169.3386773547,1222655,8978.81385405196
2014,"CZ03","CZ",16102.2044088176,1210176,17250.8520221712
2014,"CZ08","CZ",15276.5531062124,1221832,5555.11515130523
2014,"CZ06","CZ",23566.1322645291,1680287,14554.9965412936
2014,"CZ02","CZ",17948.8977955912,1302336,11455.3709351107
2014,"CZ04","CZ",12384.7695390782,1125429,8397.73887353264
2015,"CZ05","CZ",19773,1506813,13021.827695669
2015,"CZ03","CZ",16936,1212423,17250.8520221712
2015,"CZ08","CZ",16127,1217676,5555.11515130523
2015,"CZ06","CZ",25061,1682748,14554.9965412936
2015,"CZ02","CZ",19023,1315299,11455.3709351107
2015,"CZ01","CZ",42448,1259079,235.633988113052
2015,"CZ07","CZ",15828,1220972,8978.81385405196
2015,"CZ04","CZ",13277,1123265,8397.73887353264
2016,"CZ04","CZ",13360.4766633565,1120654,8397.73887353264
2016,"CZ03","CZ",17724.9255213505,1214450,17250.8520221712
2016,"CZ01","CZ",43831.1817279047,1267449,235.633988113052
2016,"CZ05","CZ",20654.4190665343,1507209,13021.827695669
2016,"CZ07","CZ",16474.6772591857,1219394,8978.81385405196
2016,"CZ02","CZ",20293.9424031778,1326876,11455.3709351107
2016,"CZ06","CZ",25853.0287984111,1684500,14554.9965412936
2016,"CZ08","CZ",17143.9920556107,1213311,5555.11515130523
2010,"DE11","DE",171657.725321888,4000848,10664.6013481317
2010,"DE13","DE",70770.3862660944,2196018,9471.33534069007
2010,"DE23","DE",37091.2017167382,1081417,9548.20481079293
2010,"DEE0","DE",55096.5665236051,2356219,20857.4155701618
2010,"DE40","DE",60122.3175965665,2511525,30985.6211798311
2010,"DE80","DE",37520.3862660944,1651216,23582.9547920544
2010,"DE92","DE",70275.7510729614,2142440,9298.79427989597
2010,"DE12","DE",105859.442060086,2740503,6741.23287393259
2010,"DE14","DE",64710.3004291845,1807552,9437.46150677023
2010,"DE24","DE",32827.2532188841,1076400,7247.05078710998
2010,"DEF0","DE",79289.6995708154,2832027,15062.0656250025
2010,"DE50","DE",28668.4549356223,661716,455.329492667883
2010,"DE91","DE",54755.3648068669,1616720,8078.1523065869
2010,"DE93","DE",39694.2060085837,1693654,15276.1521564281
2010,"DEA1","DE",193513.948497854,5172839,5328.37377509059
2010,"DE21","DE",207776.824034335,4346465,17052.9796199813
2010,"DE25","DE",62385.1931330472,1710145,7317.5092816671
2010,"DEG0","DE",51743.5622317597,2249882,16104.6675902456
2010,"DE60","DE",101478.540772532,1774224,558.328742930618
2010,"DE72","DE",30524.678111588,1044269,5140.16814589596
2010,"DE94","DE",74385.1931330472,2476001,14468.069322659
2010,"DEA2","DE",161430.25751073,4383044,7529.72416260013
2010,"DE22","DE",39209.2274678112,1189194,10362.4333280335
2010,"DE26","DE",44148.0686695279,1321957,7977.74620267623
2010,"DE30","DE",110828.326180257,3442675,832.395982639715
2010,"DE71","DE",174986.051502146,3792941,7452.81954332157
2010,"DE73","DE",38234.9785407725,1224741,8548.09835207423
2010,"DED4","DE",35620.1716738197,1517354,6788.53297520088
2010,"DEA3","DE",76707.0815450644,2597636,7090.37154620825
2010,"DEB2","DE",13595.4935622318,513794,4489.90920432874
2010,"DE27","DE",59612.660944206,1784753,9835.00303805169
2010,"DEA4","DE",65374.4635193133,2043212,6599.07947396329
2010,"DEB3","DE",65685.6223175966,2008170,7052.99545185579
2010,"DED2","DE",40474.2489270386,1631486,7684.41570393648
2010,"DED5","DE",25892.7038626609,961838,3759.39594115679
2010,"DEC0","DE",32505.3648068669,1022585,2595.67776533525
2010,"DEB1","DE",43399.1416309013,1490711,8166.17633365739
2010,"DEA5","DE",110456.008583691,3676032,7938.42481803626
2011,"DE80","DE",37971.7277486911,1614789,23582.9547920544
2011,"DE11","DE",177254.45026178,3910637,10664.6013481317
2011,"DE93","DE",40493.1937172775,1669999,15276.1521564281
2011,"DE92","DE",72305.7591623037,2093945,9298.79427989597
2011,"DE12","DE",107654.45026178,2663588,6741.23287393259
2011,"DE91","DE",58024.0837696335,1579623,8078.1523065869
2011,"DE27","DE",61865.9685863874,1778244,9835.00303805169
2011,"DE13","DE",73084.8167539267,2142723,9471.33534069007
2011,"DE60","DE",100389.528795812,1705700,558.328742930618
2011,"DE94","DE",76178.0104712042,2435261,14468.069322659
2011,"DE14","DE",67090.0523560209,1761557,9437.46150677023
2011,"DE40","DE",60460.7329842932,2461242,30985.6211798311
2011,"DE26","DE",46254.4502617801,1302144,7977.74620267623
2011,"DE30","DE",113238.743455497,3278346,832.395982639715
2011,"DE50","DE",28968.5863874346,651467,455.329492667883
2011,"DE71","DE",177095.287958115,3734199,7452.81954332157
2011,"DEA1","DE",195469.109947644,5081231,5328.37377509059
2011,"DE21","DE",217499.476439791,4313946,17052.9796199813
2011,"DE23","DE",38510.9947643979,1071424,9548.20481079293
2011,"DEE0","DE",54494.2408376963,2297386,20857.4155701618
2011,"DEG0","DE",53373.8219895288,2195344,16104.6675902456
2011,"DE24","DE",33902.6178010471,1065322,7247.05078710998
2011,"DE72","DE",31063.8743455497,1027159,5140.16814589596
2011,"DEA2","DE",162924.607329843,4282911,7529.72416260013
2011,"DE22","DE",40788.4816753927,1172475,10362.4333280335
2011,"DE73","DE",38518.3246073298,1208050,8548.09835207423
2011,"DEF0","DE",80206.2827225131,2800134,15062.0656250025
2011,"DED5","DE",26947.6439790576,966434,3759.39594115679
2011,"DE25","DE",64289.0052356021,1679849,7317.5092816671
2011,"DED4","DE",36308.9005235602,1505254,6788.53297520088
2011,"DEA3","DE",77983.2460732984,2568358,7090.37154620825
2011,"DEA5","DE",112624.083769634,3581355,7938.42481803626
2011,"DEB3","DE",66864.9214659686,1989471,7052.99545185579
2011,"DEA4","DE",67526.7015706806,2031337,6599.07947396329
2011,"DEB1","DE",44252.3560209424,1486160,8166.17633365739
2011,"DED2","DE",40943.4554973822,1594568,7684.41570393648
2011,"DEB2","DE",14126.7015706806,518554,4489.90920432874
2011,"DEC0","DE",33542.4083769634,1001879,2595.67776533525
2012,"DE50","DE",29611.2820512821,652182,455.329492667883
2012,"DE60","DE",100530.256410256,1718187,558.328742930618
2012,"DE72","DE",30526.1538461538,1025525,5140.16814589596
2012,"DE40","DE",60505.641025641,2453180,30985.6211798311
2012,"DE27","DE",62649.2307692308,1783119,9835.00303805169
2012,"DE73","DE",38153.8461538462,1204635,8548.09835207423
2012,"DE26","DE",45978.4615384615,1299076,7977.74620267623
2012,"DE30","DE",112728.205128205,3326002,832.395982639715
2012,"DE71","DE",175444.102564103,3763611,7452.81954332157
2012,"DEB2","DE",14134.358974359,518370,4489.90920432874
2012,"DE11","DE",178283.076923077,3924922,10664.6013481317
2012,"DEG0","DE",52935.3846153846,2181603,16104.6675902456
2012,"DE80","DE",37651.2820512821,1606899,23582.9547920544
2012,"DE12","DE",106484.102564103,2671524,6741.23287393259
2012,"DEE0","DE",55610.2564102564,2276736,20857.4155701618
2012,"DE24","DE",33876.9230769231,1061573,7247.05078710998
2012,"DEB3","DE",67500.5128205128,1991497,7052.99545185579
2012,"DEF0","DE",81884.1025641026,2802266,15062.0656250025
2012,"DED5","DE",27438.9743589744,971030,3759.39594115679
2012,"DE91","DE",57200,1575968,8078.1523065869
2012,"DE13","DE",72711.7948717949,2150906,9471.33534069007
2012,"DE23","DE",38583.5897435897,1072091,9548.20481079293
2012,"DE25","DE",65161.0256410256,1688414,7317.5092816671
2012,"DEC0","DE",33104.6153846154,997855,2595.67776533525
2012,"DED4","DE",35890.2564102564,1491442,6788.53297520088
2012,"DEB1","DE",44235.8974358974,1480166,8166.17633365739
2012,"DE92","DE",71251.282051282,2093431,9298.79427989597
2012,"DE14","DE",66817.4358974359,1765089,9437.46150677023
2012,"DEA4","DE",67809.2307692308,2027126,6599.07947396329
2012,"DE93","DE",42235.8974358974,1667127,15276.1521564281
2012,"DED2","DE",40793.8461538462,1591710,7684.41570393648
2012,"DEA5","DE",111557.948717949,3569424,7938.42481803626
2012,"DE94","DE",77018.4615384615,2437727,14468.069322659
2012,"DE22","DE",39853.3333333333,1175923,10362.4333280335
2012,"DE21","DE",220578.461538462,4363176,17052.9796199813
2012,"DEA1","DE",192253.333333333,5077103,5328.37377509059
2012,"DEA3","DE",77709.7435897436,2572221,7090.37154620825
2012,"DEA2","DE",162292.307692308,4299064,7529.72416260013
2013,"DE60","DE",103356.205852674,1734272,558.328742930618
2013,"DE50","DE",29514.6316851665,654774,455.329492667883
2013,"DE71","DE",177231.079717457,3791381,7452.81954332157
2013,"DE40","DE",61306.7608476287,2449511,30985.6211798311
2013,"DED4","DE",35621.5943491423,1480210,6788.53297520088
2013,"DE72","DE",30548.9404641776,1023277,5140.16814589596
2013,"DEA5","DE",111459.132189707,3559551,7938.42481803626
2013,"DED5","DE",27952.5731584258,978674,3759.39594115679
2013,"DEA4","DE",68873.8647830474,2025415,6599.07947396329
2013,"DEB1","DE",44538.8496468214,1476237,8166.17633365739
2013,"DED2","DE",41464.1775983855,1591320,7684.41570393648
2013,"DE23","DE",39114.0262361251,1074738,9548.20481079293
2013,"DE73","DE",38720.4843592331,1201823,8548.09835207423
2013,"DEE0","DE",55611.5035317861,2259393,20857.4155701618
2013,"DEG0","DE",54108.980827447,2170460,16104.6675902456
2013,"DE80","DE",38285.5701311806,1600327,23582.9547920544
2013,"DEB2","DE",14575.1765893037,518289,4489.90920432874
2013,"DE12","DE",106435.923309788,2686573,6741.23287393259
2013,"DE24","DE",33922.3007063572,1058711,7247.05078710998
2013,"DEB3","DE",67184.6619576186,1995752,7052.99545185579
2013,"DEF0","DE",82071.6448032291,2806531,15062.0656250025
2013,"DE25","DE",65559.0312815338,1698515,7317.5092816671
2013,"DE91","DE",57459.1321897074,1574527,8078.1523065869
2013,"DE11","DE",179277.497477296,3947568,10664.6013481317
2013,"DE13","DE",73699.2936427851,2162340,9471.33534069007
2013,"DE92","DE",70561.049445005,2094931,9298.79427989597
2013,"DEC0","DE",32355.1967709384,994287,2595.67776533525
2013,"DE22","DE",40510.595358224,1181472,10362.4333280335
2013,"DE26","DE",46025.2270433905,1297727,7977.74620267623
2013,"DE30","DE",113891.019172553,3375222,832.395982639715
2013,"DE14","DE",67699.2936427851,1772630,9437.46150677023
2013,"DE27","DE",63123.1079717457,1792759,9835.00303805169
2013,"DE93","DE",42353.1786074672,1667332,15276.1521564281
2013,"DE21","DE",225184.661957619,4415649,17052.9796199813
2013,"DEA3","DE",78034.3087790111,2572390,7090.37154620825
2013,"DE94","DE",77059.5358224016,2442205,14468.069322659
2013,"DEA2","DE",164481.331987891,4315912,7529.72416260013
2013,"DEA1","DE",192737.638748739,5081061,5328.37377509059
2014,"DE50","DE",30003.003003003,657391,455.329492667883
2014,"DE40","DE",63730.7307307307,2449193,30985.6211798311
2014,"DE60","DE",104861.861861862,1746342,558.328742930618
2014,"DED4","DE",36814.8148148148,1468954,6788.53297520088
2014,"DED2","DE",42806.8068068068,1590927,7684.41570393648
2014,"DE71","DE",183728.728728729,3822479,7452.81954332157
2014,"DE27","DE",65217.2172172172,1806025,9835.00303805169
2014,"DE22","DE",42471.4714714715,1189153,10362.4333280335
2014,"DE72","DE",31459.4594594595,1023150,5140.16814589596
2014,"DE30","DE",117875.875875876,3421829,832.395982639715
2014,"DED5","DE",29105.1051051051,986504,3759.39594115679
2014,"DE73","DE",40075.0750750751,1199796,8548.09835207423
2014,"DE26","DE",46850.8508508508,1297992,7977.74620267623
2014,"DE21","DE",231635.635635636,4469342,17052.9796199813
2014,"DE23","DE",40839.8398398398,1077991,9548.20481079293
2014,"DEB2","DE",14830.8308308308,519136,4489.90920432874
2014,"DEC0","DE",33498.4984984985,990718,2595.67776533525
2014,"DEE0","DE",56291.2912912913,2244577,20857.4155701618
2014,"DE80","DE",39152.1521521521,1596505,23582.9547920544
2014,"DE14","DE",69123.1231231231,1781066,9437.46150677023
2014,"DE12","DE",108022.022022022,2702831,6741.23287393259
2014,"DE24","DE",34691.6916916917,1056365,7247.05078710998
2014,"DEB3","DE",68854.8548548548,2000852,7052.99545185579
2014,"DE13","DE",76540.5405405405,2174500,9471.33534069007
2014,"DEF0","DE",84178.1781781782,2815955,15062.0656250025
2014,"DE91","DE",59640.6406406406,1574936,8078.1523065869
2014,"DE11","DE",185347.347347347,3972881,10664.6013481317
2014,"DEG0","DE",56366.3663663664,2160840,16104.6675902456
2014,"DE25","DE",67438.4384384384,1707376,7317.5092816671
2014,"DE94","DE",78119.1191191191,2446345,14468.069322659
2014,"DEA4","DE",71196.1961961962,2024392,6599.07947396329
2014,"DEB1","DE",45955.9559559559,1474378,8166.17633365739
2014,"DE92","DE",72147.1471471471,2099079,9298.79427989597
2014,"DEA5","DE",114902.902902903,3551553,7938.42481803626
2014,"DEA3","DE",79687.6876876877,2574148,7090.37154620825
2014,"DE93","DE",43684.6846846847,1670199,15276.1521564281
2014,"DEA1","DE",198403.403403403,5088748,5328.37377509059
2014,"DEA2","DE",169856.856856857,4333015,7529.72416260013
2015,"DE23","DE",42150,1082761,9548.20481079293
2015,"DE25","DE",69857,1715195,7317.5092816671
2015,"DE22","DE",43714,1197558,10362.4333280335
2015,"DE26","DE",48003,1298849,7977.74620267623
2015,"DE30","DE",124261,3469849,832.395982639715
2015,"DE24","DE",36278,1055955,7247.05078710998
2015,"DE27","DE",67650,1821271,9835.00303805169
2015,"DE40","DE",66587,2457872,30985.6211798311
2015,"DE21","DE",242666,4519979,17052.9796199813
2015,"DEB2","DE",15518,521863,4489.90920432874
2015,"DE14","DE",72364,1795468,9437.46150677023
2015,"DE12","DE",113037,2721266,6741.23287393259
2015,"DE92","DE",74048,2108413,9298.79427989597
2015,"DED2","DE",45618,1592765,7684.41570393648
2015,"DE50","DE",31283,661888,455.329492667883
2015,"DE93","DE",45134,1677715,15276.1521564281
2015,"DEB3","DE",72619,2012517,7052.99545185579
2015,"DE11","DE",197603,4008288,10664.6013481317
2015,"DE13","DE",78886,2191622,9471.33534069007
2015,"DEC0","DE",34748,989035,2595.67776533525
2015,"DED4","DE",38221,1463341,6788.53297520088
2015,"DE60","DE",108511,1762791,558.328742930618
2015,"DE94","DE",81476,2460857,14468.069322659
2015,"DEA2","DE",177395,4361724,7529.72416260013
2015,"DEA4","DE",72566,2029648,6599.07947396329
2015,"DEB1","DE",47785,1477202,8166.17633365739
2015,"DEA3","DE",81426,2580664,7090.37154620825
2015,"DED5","DE",30116,999168,3759.39594115679
2015,"DE71","DE",189079,3863818,7452.81954332157
2015,"DEA1","DE",202838,5108290,5328.37377509059
2015,"DEE0","DE",58075,2235548,20857.4155701618
2015,"DEA5","DE",116805,3557772,7938.42481803626
2015,"DE80","DE",40327,1599138,23582.9547920544
2015,"DEF0","DE",87023,2830864,15062.0656250025
2015,"DE73","DE",41364,1201050,8548.09835207423
2015,"DE72","DE",32653,1029020,5140.16814589596
2015,"DEG0","DE",59003,2156759,16104.6675902456
2015,"DE91","DE",56964,1579754,8078.1523065869
2016,"DE27","DE",69741.0358565737,1846020,9835.00303805169
2016,"DE26","DE",49484.0637450199,1306048,7977.74620267623
2016,"DE23","DE",43503.984063745,1092339,9548.20481079293
2016,"DE14","DE",74701.1952191235,1823573,9437.46150677023
2016,"DE22","DE",45103.5856573705,1212119,10362.4333280335
2016,"DE24","DE",37371.5139442231,1059358,7247.05078710998
2016,"DE30","DE",129406.374501992,3520031,832.395982639715
2016,"DEA5","DE",120030.876494024,3597297,7938.42481803626
2016,"DE25","DE",72043.8247011952,1738686,7317.5092816671
2016,"DE40","DE",68483.0677290837,2484826,30985.6211798311
2016,"DE21","DE",250514.940239044,4588944,17052.9796199813
2016,"DE92","DE",75792.828685259,2132290,9298.79427989597
2016,"DE94","DE",83463.1474103586,2496176,14468.069322659
2016,"DEA4","DE",74555.7768924303,2057996,6599.07947396329
2016,"DEB1","DE",49031.8725099602,1488308,8166.17633365739
2016,"DED2","DE",47363.5458167331,1602754,7684.41570393648
2016,"DE50","DE",32247.0119521912,671489,455.329492667883
2016,"DE71","DE",193549.800796813,3922369,7452.81954332157
2016,"DE93","DE",46241.0358565737,1699969,15276.1521564281
2016,"DEA1","DE",208628.486055777,5173623,5328.37377509059
2016,"DE11","DE",203706.175298805,4069533,10664.6013481317
2016,"DEB2","DE",15920.3187250996,532715,4489.90920432874
2016,"DED4","DE",39765.9362549801,1465612,6788.53297520088
2016,"DE60","DE",110633.466135458,1787408,558.328742930618
2016,"DE72","DE",33405.3784860558,1040091,5140.16814589596
2016,"DE80","DE",41414.3426294821,1612362,23582.9547920544
2016,"DEA2","DE",182399.402390438,4422371,7529.72416260013
2016,"DE12","DE",116687.250996016,2761977,6741.23287393259
2016,"DEB3","DE",74449.203187251,2031780,7052.99545185579
2016,"DED5","DE",31283.8645418327,1016485,3759.39594115679
2016,"DEF0","DE",89194.2231075697,2858714,15062.0656250025
2016,"DE73","DE",42336.6533864542,1213712,8548.09835207423
2016,"DE91","DE",58494.0239043825,1598164,8078.1523065869
2016,"DEA3","DE",83815.7370517928,2614229,7090.37154620825
2016,"DE13","DE",81491.0358565737,2224535,9471.33534069007
2016,"DEC0","DE",35090.6374501992,995597,2595.67776533525
2016,"DEE0","DE",59355.577689243,2245470,20857.4155701618
2016,"DEG0","DE",60820.7171314741,2170714,16104.6675902456
2010,"DK01","DK",99256.1105207226,1680271,1511.26177254945
2010,"DK03","DK",50020.1912858661,1200277,10629.8306124739
2010,"DK05","DK",22705.6323060574,579628,6932.463093948
2010,"DK02","DK",26086.078639745,820564,6836.32063949154
2010,"DK04","DK",52216.7906482465,1253998,12969.3111955754
2011,"DK04","DK",52796.066252588,1260993,12969.3111955754
2011,"DK01","DK",96572.463768116,1699387,1511.26177254945
2011,"DK05","DK",22389.2339544513,579829,6932.463093948
2011,"DK02","DK",25615.9420289855,819763,6836.32063949154
2011,"DK03","DK",49974.1200828157,1200656,10629.8306124739
2012,"DK05","DK",22590.4954499494,579996,6932.463093948
2012,"DK04","DK",52103.134479272,1266682,12969.3111955754
2012,"DK03","DK",49586.4509605662,1201342,10629.8306124739
2012,"DK02","DK",25754.2972699697,817907,6836.32063949154
2012,"DK01","DK",98337.7148634985,1714589,1511.26177254945
2013,"DK05","DK",22739.4366197183,580272,6932.463093948
2013,"DK04","DK",52627.7665995976,1272510,12969.3111955754
2013,"DK03","DK",50456.7404426559,1201419,10629.8306124739
2013,"DK02","DK",25605.6338028169,816359,6836.32063949154
2013,"DK01","DK",101273.641851107,1732068,1511.26177254945
2014,"DK05","DK",22925.8517034068,581057,6932.463093948
2014,"DK04","DK",53782.5651302605,1277538,12969.3111955754
2014,"DK03","DK",51576.1523046092,1202509,10629.8306124739
2014,"DK02","DK",26035.0701402806,816726,6836.32063949154
2014,"DK01","DK",105666.332665331,1749405,1511.26177254945
2015,"DK03","DK",52064,1205728,10629.8306124739
2015,"DK04","DK",54388,1282750,12969.3111955754
2015,"DK01","DK",110331,1768125,1511.26177254945
2015,"DK05","DK",23281,582632,6932.463093948
2015,"DK02","DK",27308,820480,6836.32063949154
2016,"DK02","DK",28166,827499,6836.32063949154
2016,"DK04","DK",56526,1293309,12969.3111955754
2016,"DK01","DK",111818,1789174,1511.26177254945
2016,"DK03","DK",53514,1211770,10629.8306124739
2016,"DK05","DK",23765,585499,6932.463093948
2010,"HU10","HU",54219.2913825863,2951436,7238.17286584877
2010,"HU22","HU",10895.2721582653,996390,10626.4660458694
2010,"HU33","HU",9407.62266681569,1318214,18549.3514278636
2010,"HU21","HU",10492.9026489326,1098654,11588.7872907828
2010,"HU23","HU",7045.93718564882,947986,14348.2255814246
2010,"HU32","HU",10414.664133229,1492502,17458.4221620322
2010,"HU31","HU",7982.56398792892,1209142,13095.4726481548
2011,"HU32","HU",10466.7670466767,1481922,17458.4221620322
2011,"HU31","HU",7822.11228221123,1194697,13095.4726481548
2011,"HU21","HU",10570.0150570015,1094104,11588.7872907828
2011,"HU10","HU",52647.8812647881,2971246,7238.17286584877
2011,"HU33","HU",9542.91245429125,1308470,18549.3514278636
2011,"HU22","HU",11002.3661002366,994698,10626.4660458694
2011,"HU23","HU",6914.39019143902,940585,14348.2255814246
2012,"HU31","HU",7264.86156351792,1200831,13095.4726481548
2012,"HU32","HU",9861.56351791531,1498795,17458.4221620322
2012,"HU33","HU",8986.15635179153,1296278,18549.3514278636
2012,"HU22","HU",10121.1319218241,984399,10626.4660458694
2012,"HU10","HU",48934.2426710098,2940818,7238.17286584877
2012,"HU23","HU",6426.0993485342,931215,14348.2255814246
2012,"HU21","HU",9691.57166123779,1079589,11588.7872907828
2013,"HU32","HU",9696.75740592474,1491659,17458.4221620322
2013,"HU33","HU",9168.33466773419,1288654,18549.3514278636
2013,"HU31","HU",7436.94955964772,1189441,13095.4726481548
2013,"HU23","HU",6431.14491593275,925180,14348.2255814246
2013,"HU22","HU",10234.1873498799,985279,10626.4660458694
2013,"HU10","HU",49117.2938350681,2953883,7238.17286584877
2013,"HU21","HU",9881.90552441954,1074702,11588.7872907828
2014,"HU32","HU",10240.1440864519,1484375,17458.4221620322
2014,"HU23","HU",6534.92095257154,917492,14348.2255814246
2014,"HU33","HU",9694.81689013408,1279480,18549.3514278636
2014,"HU31","HU",7898.73924354613,1176894,13095.4726481548
2014,"HU10","HU",49655.7934760857,2965413,7238.17286584877
2014,"HU21","HU",10335.2011206724,1069190,11588.7872907828
2014,"HU22","HU",11278.7672603562,984521,10626.4660458694
2015,"HU23","HU",6592,909130,14348.2255814246
2015,"HU31","HU",8636,1164813,13095.4726481548
2015,"HU10","HU",51722,2983733,7238.17286584877
2015,"HU33","HU",10187,1271040,18549.3514278636
2015,"HU32","HU",10544,1479522,17458.4221620322
2015,"HU22","HU",11930,983925,10626.4660458694
2015,"HU21","HU",11112,1063408,11588.7872907828
2016,"HU22","HU",12425.0871080139,983933,10626.4660458694
2016,"HU21","HU",11578.8949726232,1060703,11588.7872907828
2016,"HU23","HU",6818.31757093081,900868,14348.2255814246
2016,"HU32","HU",10805.3758088601,1474383,17458.4221620322
2016,"HU10","HU",52448.9795918367,2993948,7238.17286584877
2016,"HU31","HU",8792.43404678945,1153714,13095.4726481548
2016,"HU33","HU",10353.4096565455,1262936,18549.3514278636
2010,"LU00","LU",43939.1951006124,502066,2681.13818728664
2011,"LU00","LU",45508.6979441223,511840,2681.13818728664
2012,"LU00","LU",45201.3525976022,524853,2681.13818728664
2013,"LU00","LU",46851.3853904282,537039,2681.13818728664
2014,"LU00","LU",50023.013808285,549680,2681.13818728664
2015,"LU00","LU",52102,562958,2681.13818728664
2016,"LU00","LU",52983.806477409,576249,2681.13818728664
2010,"NL11","NL",30983.1613253666,576668,2597.37920553984
2010,"NL13","NL",14151.0048886475,490981,2433.95390730528
2010,"NL31","NL",60752.8517110266,1220910,1753.1764403162
2010,"NL33","NL",148743.074416078,3505611,3498.34183452766
2010,"NL41","NL",101428.571428571,2444158,5003.75355870794
2010,"NL32","NL",135776.208582292,2669084,3070.25274329312
2010,"NL34","NL",12144.4866920152,381409,1027.12717092898
2010,"NL12","NL",18810.4291146116,646305,3353.1659728394
2010,"NL21","NL",38117.3275393808,1130345,3468.47159059538
2010,"NL23","NL",12541.010320478,387881,2338.15186682779
2010,"NL42","NL",37663.226507333,1122701,2196.1894338028
2010,"NL22","NL",68889.7338403042,1998936,5277.65792997631
2011,"NL41","NL",102162.849872774,2454215,5003.75355870794
2011,"NL42","NL",37761.8744698897,1122627,2196.1894338028
2011,"NL33","NL",144565.309584394,3528324,3498.34183452766
2011,"NL11","NL",31319.9745547074,579036,2597.37920553984
2011,"NL31","NL",59662.8498727735,1228794,1753.1764403162
2011,"NL12","NL",19189.9915182358,647282,3353.1659728394
2011,"NL32","NL",134136.980491942,2691477,3070.25274329312
2011,"NL34","NL",12137.4045801527,381530,1027.12717092898
2011,"NL22","NL",69674.5122985581,2004671,5277.65792997631
2011,"NL21","NL",38418.1509754029,1134465,3468.47159059538
2011,"NL13","NL",14095.6318914334,491411,2433.95390730528
2011,"NL23","NL",12386.556403732,391967,2338.15186682779
2012,"NL41","NL",99504.0725848026,2463686,5003.75355870794
2012,"NL33","NL",141927.002783792,3552407,3498.34183452766
2012,"NL42","NL",36226.4150943396,1123075,2196.1894338028
2012,"NL31","NL",58079.1834209712,1237117,1753.1764403162
2012,"NL22","NL",66635.7356428498,2010745,5277.65792997631
2012,"NL34","NL",11676.4614908753,381407,1027.12717092898
2012,"NL23","NL",12029.0751623879,395525,2338.15186682779
2012,"NL13","NL",13719.9711310444,490807,2433.95390730528
2012,"NL32","NL",131146.509949479,2709822,3070.25274329312
2012,"NL11","NL",32554.902567275,580875,2597.37920553984
2012,"NL12","NL",18611.1970306217,647214,3353.1659728394
2012,"NL21","NL",36476.9563872564,1137668,3468.47159059538
2013,"NL41","NL",97385.1412486177,2471011,5003.75355870794
2013,"NL33","NL",138566.40193023,3563935,3498.34183452766
2013,"NL22","NL",65366.4421433598,2015791,5277.65792997631
2013,"NL42","NL",35860.0583090379,1121891,2196.1894338028
2013,"NL31","NL",57513.8232632955,1245294,1753.1764403162
2013,"NL13","NL",13348.7483663416,489918,2433.95390730528
2013,"NL34","NL",11400.4222378607,381077,1027.12717092898
2013,"NL23","NL",11670.855534332,398441,2338.15186682779
2013,"NL11","NL",33499.5476022922,581705,2597.37920553984
2013,"NL32","NL",131670.855534332,2724300,3070.25274329312
2013,"NL21","NL",35893.234140947,1139350,3468.47159059538
2013,"NL12","NL",18137.126771891,646862,3353.1659728394
2014,"NL33","NL",139963.924240906,3577032,3498.34183452766
2014,"NL41","NL",99608.1771720613,2479274,5003.75355870794
2014,"NL42","NL",36233.0894879246,1120006,2196.1894338028
2014,"NL22","NL",66738.150115242,2019692,5277.65792997631
2014,"NL34","NL",11559.2744764004,380621,1027.12717092898
2014,"NL31","NL",58190.1994187794,1253672,1753.1764403162
2014,"NL13","NL",13642.6495640846,488988,2433.95390730528
2014,"NL32","NL",137226.174967432,2741369,3070.25274329312
2014,"NL23","NL",11960.1162441126,399893,2338.15186682779
2014,"NL11","NL",29254.4343120553,582728,2597.37920553984
2014,"NL21","NL",36630.924942379,1139697,3468.47159059538
2014,"NL12","NL",18316.4645756088,646317,3353.1659728394
2015,"NL31","NL",59530,1263572,1753.1764403162
2015,"NL34","NL",11931,380726,1027.12717092898
2015,"NL33","NL",145983,3600011,3498.34183452766
2015,"NL32","NL",143668,2761929,3070.25274329312
2015,"NL13","NL",13711,488576,2433.95390730528
2015,"NL22","NL",68249,2026578,5277.65792997631
2015,"NL41","NL",103810,2488751,5003.75355870794
2015,"NL23","NL",12405,401791,2338.15186682779
2015,"NL42","NL",37874,1117941,2196.1894338028
2015,"NL21","NL",37525,1140652,3468.47159059538
2015,"NL11","NL",26031,583942,2597.37920553984
2015,"NL12","NL",18293,646257,3353.1659728394
2016,"NL32","NL",148080.111876935,2784854,3070.25274329312
2016,"NL11","NL",24075.5169313755,583721,2597.37920553984
2016,"NL31","NL",61384.4770752173,1273613,1753.1764403162
2016,"NL33","NL",150509.439616422,3622303,3498.34183452766
2016,"NL41","NL",107769.453601039,2498749,5003.75355870794
2016,"NL13","NL",14103.4861652183,488629,2433.95390730528
2016,"NL22","NL",70711.2176605734,2035351,5277.65792997631
2016,"NL12","NL",18560.5833583059,646040,3353.1659728394
2016,"NL21","NL",39016.0823094596,1144280,3468.47159059538
2016,"NL23","NL",12944.7607631605,404068,2338.15186682779
2016,"NL34","NL",12228.5485965438,381252,1027.12717092898
2016,"NL42","NL",39285.7856358006,1116260,2196.1894338028
2010,"PL11","PL",23914.7788565264,2535866,18716.4893431624
2010,"PL21","PL",29596.548004315,3280603,15273.8088445923
2010,"PL33","PL",10039.9137001079,1272156,12152.7195660243
2010,"PL41","PL",36623.5167206041,3410721,30247.2718581943
2010,"PL52","PL",8473.57065803668,975283,9967.15654199442
2010,"PL62","PL",10679.6116504854,1428496,24426.4052892953
2010,"PL42","PL",14916.9363538296,1696985,23080.9133720021
2010,"PL12","PL",84766.9902912621,5217587,34970.0733597252
2010,"PL22","PL",50333.3333333333,4590630,11764.2746809603
2010,"PL34","PL",8905.07011866235,1176151,20291.5412272537
2010,"PL32","PL",15003.2362459547,2081154,18893.0463879231
2010,"PL61","PL",17631.067961165,2074489,17343.1493110051
2010,"PL63","PL",22081.9848975189,2234955,18049.4222838489
2010,"PL43","PL",8758.36030204962,1009605,14036.5589799669
2010,"PL31","PL",15243.7971952535,2161679,25169.4148544983
2010,"PL51","PL",33324.7033441208,2876509,20034.824764806
2011,"PL62","PL",10713.3956386293,1428620,24426.4052892953
2011,"PL63","PL",22428.8681204569,2245568,18049.4222838489
2011,"PL11","PL",24072.6895119418,2528674,18716.4893431624
2011,"PL34","PL",8988.57736240914,1175010,20291.5412272537
2011,"PL33","PL",9978.19314641744,1268145,12152.7195660243
2011,"PL12","PL",85748.701973001,5240483,34970.0733597252
2011,"PL52","PL",8504.67289719626,972986,9967.15654199442
2011,"PL43","PL",8695.74247144341,1010700,14036.5589799669
2011,"PL21","PL",30406.0228452752,3293551,15273.8088445923
2011,"PL61","PL",17561.7860851506,2075129,17343.1493110051
2011,"PL41","PL",37140.1869158879,3422705,30247.2718581943
2011,"PL22","PL",50971.9626168224,4585758,11764.2746809603
2011,"PL32","PL",15304.2575285566,2083487,18893.0463879231
2011,"PL31","PL",15500.5192107996,2156633,25169.4148544983
2011,"PL51","PL",34030.1142263759,2878103,20034.824764806
2011,"PL42","PL",14805.8151609553,1697166,23080.9133720021
2012,"PL52","PL",8276.55310621242,969541,9967.15654199442
2012,"PL62","PL",10510.0200400802,1427162,24426.4052892953
2012,"PL61","PL",17255.5110220441,2074398,17343.1493110051
2012,"PL63","PL",22635.2705410822,2253048,18049.4222838489
2012,"PL43","PL",8590.18036072144,1010421,14036.5589799669
2012,"PL41","PL",37056.1122244489,3430702,30247.2718581943
2012,"PL11","PL",23869.7394789579,2519448,18716.4893431624
2012,"PL51","PL",33505.0100200401,2876855,20034.824764806
2012,"PL33","PL",9657.31462925852,1263464,12152.7195660243
2012,"PL12","PL",85453.9078156313,5257680,34970.0733597252
2012,"PL22","PL",49627.254509018,4576485,11764.2746809603
2012,"PL21","PL",29946.8937875752,3303061,15273.8088445923
2012,"PL42","PL",14612.2244488978,1695822,23080.9133720021
2012,"PL31","PL",15395.7915831663,2149487,25169.4148544983
2012,"PL34","PL",8700.40080160321,1172366,20291.5412272537
2012,"PL32","PL",15063.126252505,2083852,18893.0463879231
2013,"PL52","PL",8259.44333996024,966167,9967.15654199442
2013,"PL43","PL",8662.02783300199,1010582,14036.5589799669
2013,"PL41","PL",37843.9363817097,3437751,30247.2718581943
2013,"PL63","PL",22505.9642147117,2259485,18049.4222838489
2013,"PL51","PL",33216.6998011928,2875180,20034.824764806
2013,"PL61","PL",17494.0357852883,2072655,17343.1493110051
2013,"PL33","PL",9441.35188866799,1259137,12152.7195660243
2013,"PL12","PL",86771.3717693837,5276119,34970.0733597252
2013,"PL62","PL",10555.6660039761,1425897,24426.4052892953
2013,"PL42","PL",14597.4155069583,1694560,23080.9133720021
2013,"PL21","PL",30339.9602385686,3310450,15273.8088445923
2013,"PL31","PL",15580.5168986083,2143278,25169.4148544983
2013,"PL11","PL",23940.3578528827,2510409,18716.4893431624
2013,"PL34","PL",8889.662027833,1169763,20291.5412272537
2013,"PL32","PL",15417.4950298211,2085063,18893.0463879231
2013,"PL22","PL",48863.8170974155,4566039,11764.2746809603
2014,"PL43","PL",9116.18669314796,1008564,14036.5589799669
2014,"PL41","PL",39502.4826216485,3441440,30247.2718581943
2014,"PL51","PL",34538.2323733863,2869579,20034.824764806
2014,"PL33","PL",9798.41112214498,1253041,12152.7195660243
2014,"PL61","PL",18047.6663356504,2068417,17343.1493110051
2014,"PL52","PL",8635.55114200596,960226,9967.15654199442
2014,"PL62","PL",10962.2641509434,1421264,24426.4052892953
2014,"PL42","PL",15269.1161866931,1691400,23080.9133720021
2014,"PL31","PL",15928.5004965243,2134413,25169.4148544983
2014,"PL63","PL",23217.4776564052,2264817,18049.4222838489
2014,"PL34","PL",9162.85998013903,1165447,20291.5412272537
2014,"PL32","PL",15983.1181727905,2083546,18893.0463879231
2014,"PL11","PL",24916.5839126117,2498861,18716.4893431624
2014,"PL21","PL",31802.3833167825,3316097,15273.8088445923
2014,"PL12","PL",90580.9334657398,5292567,34970.0733597252
2014,"PL22","PL",50684.2105263158,4548177,11764.2746809603
2015,"PL33","PL",10190,1247951,12152.7195660243
2015,"PL31","PL",16430,2126310,25169.4148544983
2015,"PL51","PL",36248,2868338,20034.824764806
2015,"PL43","PL",9515,1007442,14036.5589799669
2015,"PL52","PL",9028,956913,9967.15654199442
2015,"PL34","PL",9465,1162369,20291.5412272537
2015,"PL21","PL",33964,3324579,15273.8088445923
2015,"PL61","PL",19055,2065846,17343.1493110051
2015,"PL32","PL",16868,2084264,18893.0463879231
2015,"PL22","PL",53250,4535705,11764.2746809603
2015,"PL62","PL",11437,1418541,24426.4052892953
2015,"PL42","PL",16208,1688486,23080.9133720021
2015,"PL41","PL",42169,3447689,30247.2718581943
2015,"PL63","PL",24762,2271559,18049.4222838489
2015,"PL11","PL",26136,2489844,18716.4893431624
2015,"PL12","PL",95328,5309778,34970.0733597252
2016,"PL31","PL",16356.7134268537,2118528,25169.4148544983
2016,"PL51","PL",35752.50501002,2864624,20034.824764806
2016,"PL32","PL",16660.3206412826,2083496,18893.0463879231
2016,"PL11","PL",25808.6172344689,2479350,18716.4893431624
2016,"PL21","PL",34037.0741482966,3330031,15273.8088445923
2016,"PL43","PL",9488.97795591182,1005159,14036.5589799669
2016,"PL41","PL",42176.3527054108,3450966,30247.2718581943
2016,"PL52","PL",8821.64328657315,952557,9967.15654199442
2016,"PL62","PL",11384.7695390782,1414734,24426.4052892953
2016,"PL33","PL",9988.97795591182,1241895,12152.7195660243
2016,"PL12","PL",94715.4308617234,5323267,34970.0733597252
2016,"PL22","PL",52590.1803607214,4520567,11764.2746809603
2016,"PL34","PL",9357.71543086172,1158945,20291.5412272537
2016,"PL42","PL",15909.8196392786,1684025,23080.9133720021
2016,"PL61","PL",18928.8577154309,2062006,17343.1493110051
2016,"PL63","PL",24856.7134268537,2277059,18049.4222838489
2010,"SI03","SI",16927.3385893885,1099674,12017.4421943717
2010,"SI04","SI",21696.1431919881,947302,7714.61044300381
2011,"SI03","SI",16999.2693873291,1098506,12017.4421943717
2011,"SI04","SI",21510.2807640121,951683,7714.61044300381
2012,"SI03","SI",16142.1319796954,1099196,12017.4421943717
2012,"SI04","SI",20483.2487309645,956300,7714.61044300381
2013,"SI04","SI",20151.3944223108,961623,7714.61044300381
2013,"SI03","SI",15943.2270916335,1097198,12017.4421943717
2014,"SI03","SI",16468.1948992756,1094709,12017.4421943717
2014,"SI04","SI",20859.3827528034,966376,7714.61044300381
2015,"SI03","SI",17077,1093545,12017.4421943717
2015,"SI04","SI",21760,969329,7714.61044300381
2016,"SI03","SI",17679.5192789184,1092193,12017.4421943717
2016,"SI04","SI",22799.1987981973,971995,7714.61044300381
2010,"SK01","SK",20712.1823535827,597999,2011.19777241076
2010,"SK03","SK",14737.7031301123,1350286,16025.4157034979
2010,"SK02","SK",23547.8241902061,1842763,15131.8036661422
2010,"SK04","SK",14703.893554368,1599362,15603.9725692889
2011,"SK03","SK",14499.6332390234,1349286,16025.4157034979
2011,"SK04","SK",14952.3210730378,1604443,15603.9725692889
2011,"SK01","SK",20535.4710258828,599931,2011.19777241076
2011,"SK02","SK",24021.796080897,1838786,15131.8036661422
2012,"SK03","SK",14431.3131313131,1349729,16025.4157034979
2012,"SK04","SK",15002.0202020202,1608797,15603.9725692889
2012,"SK01","SK",20070.7070707071,606537,2011.19777241076
2012,"SK02","SK",23934.3434343434,1839259,15131.8036661422
2013,"SK03","SK",14517.6704828273,1348611,16025.4157034979
2013,"SK01","SK",20711.7969138875,612682,2011.19777241076
2013,"SK04","SK",15006.4708810353,1611407,15603.9725692889
2013,"SK02","SK",23601.7919362867,1838136,15131.8036661422
2014,"SK03","SK",14897.8574987544,1347233,16025.4157034979
2014,"SK04","SK",15564.524165421,1613672,15603.9725692889
2014,"SK01","SK",21039.3622321873,618380,2011.19777241076
2014,"SK02","SK",24319.8804185351,1836664,15131.8036661422
2015,"SK03","SK",15645,1345808,16025.4157034979
2015,"SK04","SK",16445,1615542,15603.9725692889
2015,"SK01","SK",22248,625167,2011.19777241076
2015,"SK02","SK",24558,1834832,15131.8036661422
2016,"SK01","SK",22929.0594855305,633288,2011.19777241076
2016,"SK03","SK",16099.2765273312,1343458,16025.4157034979
2016,"SK02","SK",25611.9372990354,1832159,15131.8036661422
2016,"SK04","SK",16904.1398713826,1617347,15603.9725692889
